{"PUBNdxkDZ1jIcl3SXm/nkA==":"navbart22x.png","HrGZ+F8MCq65h669vBku3A==":"escena9-9-506x337.jpg","IJVn5QambGD5sV1mwBqPvw==":"escena9_mesa%20de%20trabajo%2011%20copy-1493x1080.jpg","YKx1LJUkUtB/pwYDUnjT1w==":"tp2-6-506x337.jpg","v9f40IcNoaf0cM96Sixv+Q==":"tp2-7-506x337.jpg","BytK5hlSF7a2yjBFubMaiQ==":"tp2-8-506x337.jpg","nFSrYLExXHcr6ylo065Lhg==":"tp2-9-600x400.jpg","yhJ1NVim+C8DM+SC9FAAcg==":"tp2-10-600x400.jpg","PpUlo67RtY8g9TC7F9S/Ig==":"tp2-12-600x400.jpg","v4Mi9xw+AAb3xjk4uATyjA==":"tp2-13-600x400.jpg","BdT259copmoAWSkIs3BNLw==":"tp2-14-600x400.jpg","wZNzS+0PInqWNrXCOwxhRw==":"tp2-11-600x400.jpg","oMcarSHD4NUgJ4NJxApu+g==":"wallb@3x-2000x1447.png","eNZCdgorD8JGchAnEhjVlQ==":"wallb@3x%20-%20copy-2000x1447.png","6uWfX7mitPNvnUBzApFtgg==":"tp2-6-696x464.jpg","0B7CPX+Imp1XNGtR/v6K7A==":"tp2-7-696x464.jpg","oK6AQqGQCkOFPKYEzOh76Q==":"tp2-8-696x464.jpg","SEy25qS9uPEBAynxgarOuw==":"tp2-9-696x464.jpg","lgieDxHECdP60Y1mTD7wOQ==":"tp2-10-696x464.jpg","ndmnRR51VPtvpKDNl0WTFA==":"tp2-11-696x464.jpg","QVr1qphT/2CuucABCqKfXw==":"tp2-12-696x464.jpg","KrAcs2b6wuV5x5xk8Xa/OQ==":"tp2-13-696x464.jpg","xDW1e40as1SNckWcsxqaVQ==":"tp2-14-696x464.jpg","Y+Tz+uclbFd3LIGBmHCZkg==":"tp2_mesa%20de%20trabajo%2011%20copy%205-2216x1603.jpg","f9mowdjxKuZFmHa2nU70kg==":"background.jpg","ZJZB1UwOw73lRTo/8Xrt0w==":"fondo-8-1921x1081.jpg","ohKIRy28ZIPRd7h7iR3L8A==":"fondo-08-8-1921x1081.jpg","ewvxyxTdzhB0LuiAfUBGcg==":"asset%201@2x-100-2000x1125.jpg","0hbgSiFR6uPslERjaze8Dg==":"asset%202@3x-2000x1125.png","g5D1t8gBxsPylN266lTkRQ==":"vanidad.gif","DtISZ8jBwxy+bEBKxOUSow==":"vanidadclip.gif","uw3usAdHGLmS1m95SmMjhQ==":"vanidadcard.gif","By2QchcdN4qI78jma8sVlw==":"timidezcard.gif","87bKDaxneE5a0doKkT2ALg==":"empatiacard.gif","+LdqKiZY1vx2jwZEKec2Jw==":"proteccioncard.gif","LYREHD6SohkqauFMvjrgzg==":"empatiacard-1.gif","ouVBzQTQDWazlIQP7yJWtw==":"empatiacard2.gif","gmLrtDABZRDsyC/No/UsnA==":"desamparocard.gif","MXeGoPMCy4Df4DohW3zMZg==":"acosocard.gif","TweqjHHzsz0Ybvh5CBm/PQ==":"mediacioncard.gif","n6upjV+o6GHrUErxZ5SxlQ==":"1fondo-08-8-1921x1081.jpg","TohF6AuMyyk/R/VN1BsqRw==":"xenofobiacard.gif","pqJJaQVphUKHtDWdsFu7DA==":"xenofobiacard-1.gif","9oqBnf5mWbOOxzsn7z8A4g==":"desinterescard.gif","mHORW0ykdG8H6CquiAAlBA==":"background4.jpg","u9nb0ZiQbcRnsz6rtbp53A==":"1fondo-08-8-1921x1081.jpeg","50T3OHt3cOPgxnlt0Twn0g==":"1fondo-08-9-1921x1081.jpeg","zkgJioctP13ZmdimEm6qrA==":"asset%202@3x-2000x1125.png","K2AhH4TH2N8qB8ul0sXY+A==":"acoso.gif","A2J9zkCw9w2ghJgqQ9g3TA==":"desamparo.gif","qJxy7UOWj2dkn3uIcf5Fug==":"vanidad-1.gif","9taNj57woGgy9Mh+g+a0Cg==":"desinteres.gif","VVsZYH7q9B09xtBXTFLnyA==":"proteccion.gif","NrGl5x5PdHkBACNg1HsiKA==":"mediacion.gif","btbNfis2ZuDbLEHaosi14Q==":"xenofobia.gif","ANfUzqpwT63v9uj7qYzc9Q==":"empatia.gif","qAyWEt3TW7TC8TCB2lWoaw==":"timidez.gif","/0XNeMBDdwlRh1QVhQoEPw==":"proteccion-1.gif","GeawZ1chMqtBrnEOmZ7rrA==":"timidez-1.gif","o40WSuU7RomnmIGLbEQn8g==":"fondo-08-8-1921x1081.jpeg"}