{"WnPj0chwg+63U3v4qZlGLA==":"logo-96x34.png","RUR1tdEx3dW00M1nV6DD8g==":"logo-1-271x271.png","peUQwlr/ozN81z2C7+wjaQ==":"logo-1-96x34.png","bQoyCkQXxjIVg1m0etyfDg==":"asset%201@2x-271x96.png","uE2cE5JOPDsDk5s+QyGXKw==":"asset%202@2x-270x96.png","NoNEtN8ApEOhxuaXJ2YxNw==":"navbar@2x-270x117.png","Y4uLvs4t6JQjntpZrOKdJg==":"navbar_1@2x-221x95.png","3Jk0im4JpCHiCbXxYKg3nQ==":"asset%205@2x-223x96.png","vcPkQLZeJJ41Bp3Zie1sZQ==":"img_20200111-61414-987x987.png","8wT2uMGaMUrrVHyyNX1I/Q==":"vlcsnap-2021-06-24-21h29m04s676-1280x720.png","N/OG+MZD6fdvITOEAocDaw==":"logoelviaje-987x987.png","pftNNTozAEMGMy1YJaNpbQ==":"img_20200111-61414-1266x1688.jpeg","daZNNCa3S00cmyuIOkjYzQ==":"001-700x500.png","oRykAiO0rUD++7AmPeEwUg==":"background1.jpg","YGmq/fStJvTfnndbAvYtTA==":"logotipo@2x-223x56.png","aTB7LByptqO8tsPKMjgJrQ==":"marca@2x-382x115.png","Ugb+YQu4nO5/TsnVNgQjjA==":"navlogo@2x-318x91.png","CGCoEKR8/YdnNGmV8laXhw==":"002-700x500.png","TT8xJJe2JHP9NaYA9FXPxg==":"003-700x500.png","n+5A9NBUa7Pzl/oajsKF/Q==":"004-700x500.png","XKslhAue6P6NztqxK6tStw==":"005-700x500.png","HMr4/PPK51S9zZ0RQMZoLg==":"006-700x500.png","bUnrSEcPK/P/ZAt8p4Uojg==":"007-700x500.png","kVG4mrskt65IpaPoX2WAnQ==":"008-700x500.png","pSDZAGyS5zJFVO6qvyFXzg==":"009-700x500.png","TJc0OhYh2sql2ahf+QP4jQ==":"010-700x500.png","+Au2IqgsB09qbFaQMudjvg==":"011-700x500.png","7ufrZTIMSmkWc0iJ8bmlQg==":"012-700x500.png","6T57Hu4bv4ovDc5QfwPtsg==":"013-700x500.png","+4aOiB3kM5bnlqaQDyYhaA==":"016-700x500.png","Hs7inwje3AGevq8lUbYmJQ==":"017-700x500.png","RnqBcVArdGkAuaOkut/kug==":"018-700x500.png","ekw1xk+h/oyejopAvx97KQ==":"021-700x500.png","6EQP8q7hnGvDcLKBnIXh4A==":"022-700x500.png","QuNWpCewdUXqj6iCps7aXw==":"023-700x500.png","GV1C/yHc5ikgBQQxRGWNbg==":"024-700x500.png","DtFYKOYMH9UQhaTb4B7FCQ==":"001-800x600.png","TzEnnuUZkTG2Khh6HfgotQ==":"logo-987x987.png","1JSUe5KEAc6V7+MmBX4I5A==":"025-700x500.png","S1rlAP2yOBfNWC+SeXR1DQ==":"026-700x500.png","4WxwH+2YHWn6JQdVucAj+w==":"028-700x500.png","JAnOK+CNBZQ5AXHk91ZxLQ==":"029-700x500.png","QrCOKhzMgO3oGEnwWwoxcg==":"mapa@2x-1114x959.png","F5YopG5HnT//STGosSa1rQ==":"mapan@2x-1114x959.png"}